"samples","label"
"col001","1"
"col002","1"
"col003","0"
"col004","0"
"col005","1"
"col006","1"
"col007","1"
"col008","0"
"col009","0"
"col010","1"
"col011","1"
"col012","3"
"col013","0"
"col014","3"
"col015","1"
"col016","0"
"col017","1"
"col018","1"
"col019","2"
"col020","0"
"col021","2"
"col022","2"
"col023","1"
"col024","0"
"col026","3"
"col033","2"
"col034","1"
"col035","0"
"col036","3"
"col037","3"
"col038","1"
"col039","2"
"col040","0"
"col041","1"
"col045","3"
"col046","1"
"col047","1"
"col048","1"
"col049","1"
"col050","3"
"col051","1"
"col052","3"
"col053","3"
"col054","2"
"col055","1"
"col057","1"
"col058","0"
"col059","3"
"col060","0"
"col061","3"
"col062","3"
"col064","3"
"col065","1"
"col066","3"
"col067","0"
"col068","2"
"col069","3"
"col070","1"
"col072","3"
"col073","2"
"col074","1"
"col075","3"
"col076","1"
"col077","2"
"col078","1"
"col080","3"
"col081","0"
"col082","3"
"col083","1"
"col084","0"
"col085","0"
"col086","1"
"col090","1"
"col091","0"
"col092","3"
"col093","0"
"col094","1"
"col095","1"
"col096","0"
"col097","1"
"col098","3"
"col099","2"
"col100","0"
"col101","1"
"col102","1"
"GSM971957","3"
"GSM971958","3"
"GSM971959","2"
"GSM971960","1"
"GSM971961","3"
"GSM971962","3"
"GSM971963","0"
"GSM971964","1"
"GSM971965","1"
"GSM971966","3"
"GSM971967","2"
"GSM971968","3"
"GSM971969","0"
"GSM971970","2"
"GSM971971","0"
"GSM971972","1"
"GSM971973","0"
"GSM971974","2"
"GSM971975","1"
"GSM971976","1"
"GSM971977","3"
"GSM971978","0"
"GSM971979","0"
"GSM971980","0"
"GSM971981","0"
"GSM971982","0"
"GSM971983","0"
"GSM971984","0"
"GSM971985","2"
"GSM971986","3"
"GSM971987","3"
"GSM971988","0"
"GSM971989","2"
"GSM971991","3"
"GSM971992","1"
"GSM971993","0"
"GSM971994","1"
"GSM971996","3"
"GSM971997","0"
"GSM971999","1"
"GSM972000","1"
"GSM972001","2"
"GSM972002","2"
"GSM972003","1"
"GSM972004","1"
"GSM972005","2"
"GSM972006","3"
"GSM972007","3"
"GSM972008","3"
"GSM972010","3"
"GSM972011","3"
"GSM972012","2"
"GSM972013","1"
"GSM972014","1"
"GSM972015","0"
"GSM972016","0"
"GSM972017","1"
"GSM972018","1"
"GSM972019","3"
"GSM972020","1"
"GSM972021","0"
"GSM972022","1"
"GSM972023","2"
"GSM972024","1"
"GSM972025","1"
"GSM972026","3"
"GSM972027","1"
"GSM972028","1"
"GSM972029","3"
"GSM972030","3"
"GSM972031","1"
"GSM972032","1"
"GSM972033","1"
"GSM972034","1"
"GSM972035","1"
"GSM972036","2"
"GSM972037","2"
"GSM972038","1"
"GSM972039","3"
"GSM972040","1"
"GSM972041","1"
"GSM972042","2"
"GSM972043","1"
"GSM972044","2"
"GSM972045","2"
"GSM972046","3"
"GSM972047","3"
"GSM972048","1"
"GSM972049","2"
"GSM972050","2"
"GSM972051","3"
"GSM972052","1"
"GSM972053","1"
"GSM972054","3"
"GSM972056","0"
"GSM972057","1"
"GSM972058","0"
"GSM972059","0"
"GSM972060","1"
"GSM972061","1"
"GSM972062","1"
"GSM972063","3"
"GSM972064","3"
"GSM972065","1"
"GSM972066","1"
"GSM972067","3"
"GSM972068","3"
"GSM972069","3"
"GSM972071","1"
"GSM972072","0"
"GSM972073","3"
"GSM972074","1"
"GSM972075","0"
"GSM972076","0"
"GSM972077","3"
"GSM972078","1"
"GSM972080","0"
"GSM972081","1"
"GSM972082","3"
"GSM972084","3"
"GSM972085","1"
"GSM972086","1"
"GSM972087","1"
"GSM972088","3"
"GSM972089","3"
"GSM972090","1"
"GSM972091","2"
"GSM972092","3"
"GSM972093","3"
"GSM972094","3"
"GSM972095","3"
"GSM972096","1"
"GSM972097","3"
"GSM972098","2"
"GSM972099","1"
"GSM972100","2"
"GSM972102","3"
"GSM972104","3"
"GSM972105","1"
"GSM972106","1"
"GSM972107","1"
"GSM972108","1"
"GSM972109","0"
"GSM972110","2"
"GSM972111","2"
"GSM972112","3"
"GSM972113","3"
"GSM972114","2"
"GSM972115","1"
"GSM972116","3"
"GSM972117","0"
"GSM972119","1"
"GSM972120","0"
"GSM972121","2"
"GSM972122","1"
"GSM972123","1"
"GSM972124","1"
"GSM972125","3"
"GSM972126","1"
"GSM972127","3"
"GSM972128","3"
"GSM972129","0"
"GSM972130","1"
"GSM972131","3"
"GSM972132","3"
"GSM972133","3"
"GSM972135","2"
"GSM972136","1"
"GSM972137","1"
"GSM972138","1"
"GSM972139","1"
"GSM972140","3"
"GSM972141","3"
"GSM972142","1"
"GSM972143","1"
"GSM972144","1"
"GSM972146","3"
"GSM972147","1"
"GSM972148","1"
"GSM972149","1"
"GSM972150","1"
"GSM972151","1"
"GSM972152","1"
"GSM972153","1"
"GSM972154","1"
"GSM972155","1"
"GSM972156","1"
"GSM972157","1"
"GSM972158","3"
"GSM972159","2"
"GSM972160","1"
"GSM972162","3"
"GSM972164","3"
"GSM972165","3"
"GSM972166","1"
"GSM972167","1"
"GSM972168","0"
"GSM972169","1"
"GSM972170","1"
"GSM972171","0"
"GSM972173","1"
"GSM972174","1"
"GSM972175","1"
"GSM972176","3"
"GSM972177","1"
"GSM972178","2"
"GSM972179","3"
"GSM972180","0"
"GSM972181","3"
"GSM972182","1"
"GSM972183","2"
"GSM972184","3"
"GSM972185","1"
"GSM972186","3"
"GSM972187","3"
"GSM972188","1"
"GSM972189","0"
"GSM972190","1"
"GSM972191","2"
"GSM972193","1"
"GSM972194","1"
"GSM972195","2"
"GSM972196","0"
"GSM972197","2"
"GSM972198","1"
"GSM972199","1"
"GSM972200","1"
"GSM972201","3"
"GSM972202","1"
"GSM972203","1"
"GSM972204","3"
"GSM972205","1"
"GSM972206","1"
"GSM972208","3"
"GSM972209","0"
"GSM972210","3"
"GSM972211","1"
"GSM972212","2"
"GSM972214","0"
"GSM972216","1"
"GSM972217","1"
"GSM972218","2"
"GSM972219","1"
"GSM972220","0"
"GSM972221","0"
"GSM972223","0"
"GSM972224","0"
"GSM972225","1"
"GSM972226","2"
"GSM972227","2"
"GSM972228","2"
"GSM972229","0"
"GSM972230","1"
"GSM972231","3"
"GSM972232","3"
"GSM972233","1"
"GSM972234","3"
"GSM972236","1"
"GSM972237","1"
"GSM972238","1"
"GSM972240","3"
"GSM972241","0"
"GSM972243","1"
"GSM972244","1"
"GSM972245","1"
"GSM972246","1"
"GSM972247","1"
"GSM972248","1"
"GSM972249","1"
"GSM972250","1"
"GSM972251","3"
"GSM972253","1"
"GSM972254","3"
"GSM972255","3"
"GSM972256","1"
"GSM972257","1"
"GSM972258","1"
"GSM972259","2"
"GSM972260","1"
"GSM972261","0"
"GSM972262","3"
"GSM972263","0"
"GSM972264","0"
"GSM972265","0"
"GSM972267","1"
"GSM972268","2"
"GSM972269","2"
"GSM972270","0"
"GSM972271","1"
"GSM972272","1"
"GSM972273","2"
"GSM972274","0"
"GSM972275","0"
"GSM972276","0"
"GSM972277","0"
"GSM972278","0"
"GSM972279","0"
"GSM972280","0"
"GSM972281","1"
"GSM972282","0"
"GSM972283","0"
"GSM972284","1"
"GSM972285","0"
"GSM972286","0"
"GSM972287","0"
"GSM972288","1"
"GSM972289","1"
"GSM972291","3"
"GSM972292","0"
"GSM972293","3"
"GSM972294","0"
"GSM972296","2"
"GSM972297","3"
"GSM972298","0"
"GSM972299","1"
"GSM972300","2"
"GSM972302","1"
"GSM972303","1"
"GSM972304","2"
"GSM972306","1"
"GSM972307","1"
"GSM972308","0"
"GSM972309","1"
"GSM972311","3"
"GSM972312","1"
"GSM972313","1"
"GSM972314","0"
"GSM972315","2"
"GSM972316","0"
"GSM972317","0"
"GSM972318","1"
"GSM972319","1"
"GSM972320","1"
"GSM972321","1"
"GSM972322","1"
"GSM972323","1"
"GSM972324","1"
"GSM972325","0"
"GSM972326","2"
"GSM972327","0"
"GSM972328","1"
"GSM972329","1"
"GSM972330","0"
"GSM972331","1"
"GSM972332","0"
"GSM972333","1"
"GSM972334","0"
"GSM972335","1"
"GSM972336","1"
"GSM972337","0"
"GSM972338","1"
"GSM972339","1"
"GSM972340","1"
"GSM972341","1"
"GSM972342","1"
"GSM972343","1"
"GSM972344","1"
"GSM972345","3"
"GSM972346","0"
"GSM972347","1"
"GSM972348","1"
"GSM972349","3"
"GSM972350","2"
"GSM972351","1"
"GSM972352","3"
"GSM972353","0"
"GSM972354","0"
"GSM972355","3"
"GSM972356","1"
"GSM972358","1"
"GSM972359","3"
"GSM972360","0"
"GSM972361","3"
"GSM972362","1"
"GSM972363","1"
"GSM972364","2"
"GSM972365","3"
"GSM972366","3"
"GSM972367","3"
"GSM972368","1"
"GSM972369","3"
"GSM972370","1"
"GSM972371","1"
"GSM972372","1"
"GSM972373","1"
"GSM972374","1"
"GSM972375","3"
"GSM972376","3"
"GSM972377","3"
"GSM972378","1"
"GSM972379","2"
"GSM972380","3"
"GSM972381","1"
"GSM972382","1"
"GSM972383","1"
"GSM972385","3"
"GSM972386","1"
"GSM972387","1"
"GSM972388","1"
"GSM972389","2"
"GSM972390","2"
"GSM972391","0"
"GSM972392","1"
"GSM972393","1"
"GSM972395","1"
"GSM972396","2"
"GSM972397","1"
"GSM972398","1"
"GSM972399","1"
"GSM972401","3"
"GSM972402","3"
"GSM972403","0"
"GSM972404","1"
"GSM972406","0"
"GSM972407","1"
"GSM972409","3"
"GSM972410","3"
"GSM972411","1"
"GSM972412","3"
"GSM972413","3"
"GSM972414","1"
"GSM972415","1"
"GSM972416","3"
"GSM972417","3"
"GSM972418","1"
"GSM972419","3"
"GSM972421","3"
"GSM972422","3"
"GSM972423","1"
"GSM972424","1"
"GSM972425","3"
"GSM972427","1"
"GSM972428","3"
"GSM972429","2"
"GSM972430","0"
"GSM972431","3"
"GSM972432","1"
"GSM972433","3"
"GSM972434","1"
"GSM972435","1"
"GSM972436","1"
"GSM972437","3"
"GSM972438","3"
"GSM972439","3"
"GSM972440","3"
"GSM972441","3"
"GSM972442","1"
"GSM972443","2"
"GSM972444","0"
"GSM972445","0"
"GSM972448","0"
"GSM972450","1"
"GSM972451","1"
"GSM972452","0"
"GSM972453","2"
"GSM972454","1"
"GSM972455","0"
"GSM972456","1"
"GSM972457","2"
"GSM972458","0"
"GSM972459","2"
"GSM972460","1"
"GSM972461","1"
"GSM972462","1"
"GSM972463","2"
"GSM972464","3"
"GSM972465","0"
"GSM972466","1"
"GSM972467","3"
"GSM972468","1"
"GSM972469","1"
"GSM972470","0"
"GSM972471","0"
"GSM972472","2"
"GSM972473","2"
"GSM972474","1"
"GSM972475","2"
"GSM972476","3"
"GSM972477","1"
"GSM972478","1"
"GSM972479","3"
"GSM972480","2"
"GSM972481","3"
"GSM972483","1"
"GSM972484","1"
"GSM972485","1"
"GSM972486","3"
"GSM972487","2"
"GSM972488","2"
"GSM972489","2"
"GSM972490","1"
"GSM972491","1"
"GSM972492","1"
"GSM972493","3"
"GSM972494","0"
"GSM972495","1"
"GSM972496","2"
"GSM972497","1"
"GSM972498","1"
"GSM972499","0"
"GSM972500","3"
"GSM972501","1"
"GSM972502","2"
"GSM972503","3"
"GSM972504","3"
"GSM972505","1"
"GSM972506","1"
"GSM972507","0"
"GSM972508","1"
"GSM972509","1"
"GSM972510","2"
"GSM972511","1"
"GSM972512","2"
"GSM972513","1"
"GSM972514","1"
"GSM972515","1"
"GSM972516","1"
"GSM972517","1"
"GSM972521","3"
"GSM877126","2"
"GSM877127","0"
"GSM877128","2"
"GSM877129","2"
"GSM877130","3"
"GSM877131","0"
"GSM877132","3"
"GSM877133","2"
"GSM877134","1"
"GSM877135","1"
"GSM877136","1"
"GSM877137","1"
"GSM877138","0"
"GSM877139","1"
"GSM877140","0"
"GSM877142","3"
"GSM877143","1"
"GSM877144","0"
"GSM877145","3"
"GSM877147","0"
"GSM877148","3"
"GSM877149","1"
"GSM877150","1"
"GSM877151","3"
"GSM877152","3"
"GSM877153","0"
"GSM877154","3"
"GSM877155","3"
"GSM877156","3"
"GSM877157","1"
"GSM877158","3"
"GSM877159","0"
"GSM877160","1"
"GSM877161","1"
"GSM877162","0"
"GSM877163","1"
"GSM877164","2"
"GSM877165","3"
"GSM877166","1"
"GSM877167","3"
"GSM877168","3"
"GSM877169","1"
"GSM877171","2"
"GSM877173","3"
"GSM877174","2"
"GSM877175","1"
"GSM877176","3"
"GSM877177","1"
"GSM877178","2"
"GSM877179","3"
"GSM877180","3"
"GSM877181","3"
"GSM877183","0"
"GSM877184","1"
"GSM877185","3"
"GSM877187","3"
"GSM877188","1"
"GSM102429","3"
"GSM102431","1"
"GSM102436","3"
"GSM102460","3"
"GSM102472","1"
"GSM102485","3"
"GSM102501","2"
"GSM102513","1"
"GSM102516","3"
"GSM102518","0"
"GSM102519","2"
"GSM102521","3"
"GSM102524","2"
"GSM102533","2"
"GSM102540","0"
"GSM102549","2"
"GSM102550","0"
"GSM102551","0"
"GSM102559","1"
"GSM102561","0"
"GSM102574","0"
"GSM102577","0"
"GSM102579","0"
"GSM102581","3"
"GSM117635","1"
"GSM117642","1"
"GSM117649","3"
"GSM117656","1"
"GSM117662","1"
"GSM117664","0"
"GSM117672","2"
"GSM117673","1"
"GSM117678","0"
"GSM117681","0"
"GSM117720","1"
"GSM117728","2"
"GSM117742","2"
"GSM117746","0"
"GSM117747","0"
"GSM117752","2"
"GSM117760","3"
"GSM117775","1"
"GSM137922","2"
"GSM137926","3"
"GSM137942","3"
"GSM137947","1"
"GSM137949","2"
"GSM137967","0"
"GSM137972","2"
"GSM137998","2"
"GSM138005","3"
"GSM138007","1"
"GSM138015","3"
"GSM138018","1"
"GSM138022","1"
"GSM138032","1"
"GSM138036","1"
"GSM138037","0"
"GSM138042","3"
"GSM138044","1"
"GSM138048","0"
"GSM138050","2"
"GSM152579","3"
"GSM152582","3"
"GSM152591","0"
"GSM152602","1"
"GSM152610","3"
"GSM152613","3"
"GSM152614","1"
"GSM152632","2"
"GSM152658","1"
"GSM152664","1"
"GSM152666","1"
"GSM152684","3"
"GSM152692","1"
"GSM152695","2"
"GSM152720","0"
"GSM152725","1"
"GSM152730","3"
"GSM152762","2"
"GSM152780","1"
"GSM152790","1"
"GSM152799","1"
"GSM179778","3"
"GSM179793","3"
"GSM179795","2"
"GSM179803","3"
"GSM179804","1"
"GSM179805","0"
"GSM179820","2"
"GSM179831","2"
"GSM179838","1"
"GSM179839","1"
"GSM179860","1"
"GSM179867","1"
"GSM179880","3"
"GSM179882","1"
"GSM179887","1"
"GSM179888","0"
"GSM179889","1"
"GSM179897","1"
"GSM179899","1"
"GSM179908","3"
"GSM179922","3"
"GSM179924","3"
"GSM179925","1"
"GSM179928","3"
"GSM179930","3"
"GSM179937","1"
"GSM179948","1"
"GSM203625","3"
"GSM203627","2"
"GSM203640","1"
"GSM203642","3"
"GSM203645","1"
"GSM203653","3"
"GSM203657","1"
"GSM203667","1"
"GSM203673","0"
"GSM203674","3"
"GSM203684","3"
"GSM203687","2"
"GSM203688","3"
"GSM203700","0"
"GSM203702","3"
"GSM203705","3"
"GSM203723","1"
"GSM203724","3"
"GSM203728","3"
"GSM203731","1"
"GSM203733","1"
"GSM203743","3"
"GSM203755","0"
"GSM203763","3"
"GSM203782","0"
"GSM203800","1"
"GSM231875","3"
"GSM231879","1"
"GSM231904","1"
"GSM231905","0"
"GSM231908","3"
"GSM231915","1"
"GSM231921","0"
"GSM231928","0"
"GSM231936","3"
"GSM231939","3"
"GSM231953","2"
"GSM231955","3"
"GSM231956","0"
"GSM231958","1"
"GSM231959","1"
"GSM231961","0"
"GSM231971","1"
"GSM231988","0"
"GSM277680","0"
"GSM277689","1"
"GSM277690","1"
"GSM277728","0"
"GSM277731","0"
"GSM301656","0"
"GSM325806","1"
"GSM325829","3"
"GSM325840","3"
"GSM353883","3"
"GSM353890","1"
"GSM353901","1"
"GSM353939","3"
"GSM38055","3"
"GSM38061","3"
"GSM38075","1"
"GSM38077","1"
"GSM38078","3"
"GSM38089","3"
"GSM38098","3"
"GSM46832","2"
"GSM46841","3"
"GSM46857","0"
"GSM46861","3"
"GSM46864","2"
"GSM46865","1"
"GSM46877","3"
"GSM46878","0"
"GSM46887","3"
"GSM46895","3"
"GSM46915","3"
"GSM46921","0"
"GSM46924","2"
"GSM46930","1"
"GSM46931","1"
"GSM46940","1"
"GSM46956","1"
"GSM53045","2"
"GSM53047","0"
"GSM53051","3"
"GSM53055","1"
"GSM53070","0"
"GSM53073","3"
"GSM53083","0"
"GSM53106","0"
"GSM53113","1"
"GSM53126","3"
"GSM53142","3"
"GSM53146","3"
"GSM53148","2"
"GSM53153","2"
"GSM53156","1"
"GSM53169","1"
"GSM76501","1"
"GSM76519","1"
"GSM76520","0"
"GSM76522","2"
"GSM76524","3"
"GSM76526","2"
"GSM76529","2"
"GSM76530","0"
"GSM76531","3"
"GSM76548","0"
"GSM76573","1"
"GSM76576","1"
"GSM76583","1"
"GSM76598","2"
"GSM76605","1"
"GSM76607","2"
"GSM76608","0"
"GSM76610","0"
"GSM76611","0"
"GSM76615","3"
"GSM76618","1"
"GSM76629","1"
"GSM76639","3"
"GSM88945","1"
"GSM88963","1"
"GSM88968","1"
"GSM88994","1"
"GSM88999","1"
"GSM89002","3"
"GSM89004","1"
"GSM89007","1"
"GSM89026","1"
"GSM89037","1"
"GSM89040","3"
"GSM89044","3"
"GSM89047","1"
"GSM89049","1"
"GSM89052","2"
"GSM89053","0"
"GSM89061","1"
"GSM89062","1"
"GSM89069","1"
"GSM89090","1"
"GSM89098","1"
"GSM89103","3"
"GSM335510","1"
"GSM335511","2"
"GSM335512","3"
"GSM335513","1"
"GSM335514","3"
"GSM335515","3"
"GSM335516","1"
"GSM335517","1"
"GSM335518","0"
"GSM335519","3"
"GSM335520","3"
"GSM335522","1"
"GSM335523","2"
"GSM335524","3"
"GSM335526","1"
"GSM335527","3"
"GSM335528","2"
"GSM335529","2"
"GSM335530","0"
"GSM335531","1"
"GSM335532","0"
"GSM335533","3"
"GSM335534","1"
"GSM335535","3"
"GSM335536","1"
"GSM335537","1"
"GSM335538","3"
"GSM335539","3"
"GSM335540","1"
"GSM335542","0"
"GSM335543","3"
"GSM335544","0"
"GSM335545","3"
"GSM335547","1"
"GSM335548","1"
"GSM335549","1"
"GSM335550","2"
"GSM335552","3"
"GSM335553","1"
"GSM335554","1"
"GSM335555","0"
"GSM335556","1"
"GSM335557","1"
"GSM335558","1"
"GSM335559","0"
"GSM335560","0"
"GSM335561","1"
"GSM335562","0"
"GSM335563","3"
"GSM335564","3"
"GSM335565","0"
"GSM335566","0"
"GSM335567","1"
"GSM335568","1"
"GSM335569","1"
"GSM335570","2"
"GSM335571","1"
"GSM335572","2"
"GSM335573","1"
"GSM335574","0"
"GSM335575","3"
"GSM335576","0"
"GSM335577","0"
"GSM335579","2"
"GSM335580","3"
"GSM335581","2"
"GSM335582","1"
"GSM335583","1"
"GSM335584","1"
"GSM335585","0"
"GSM335586","2"
"GSM335588","3"
"GSM335589","1"
"GSM335590","3"
"GSM335591","1"
"GSM335592","1"
"GSM335593","1"
"GSM335594","1"
"GSM335595","0"
"GSM335596","1"
"GSM335597","2"
"GSM335598","1"
"GSM335600","1"
"GSM335601","1"
"GSM335602","1"
"GSM335603","1"
"GSM335605","1"
"GSM335606","3"
"GSM335607","2"
"GSM335608","3"
"GSM335610","1"
"GSM335611","2"
"GSM335612","1"
"GSM335613","1"
"GSM335614","0"
"GSM335615","1"
"GSM335616","1"
"GSM335617","3"
"GSM335618","1"
"GSM335619","0"
"GSM335620","3"
"GSM335621","0"
"GSM335622","0"
"GSM335623","0"
"GSM335624","2"
"GSM335625","1"
"GSM335627","2"
"GSM335629","3"
"GSM335630","0"
"GSM335631","1"
"GSM335632","2"
"GSM335633","3"
"GSM335634","0"
"GSM335635","0"
"GSM335636","1"
"GSM335637","3"
"GSM335639","2"
"GSM335640","0"
"GSM335641","0"
"GSM335643","0"
"GSM335644","0"
"GSM335645","0"
"GSM335646","2"
"GSM335648","1"
"GSM335649","0"
"GSM335650","0"
"GSM335651","1"
"GSM335652","0"
"GSM335653","0"
"GSM335654","3"
"GSM335655","0"
"GSM335656","0"
"GSM335657","0"
"GSM335658","3"
"GSM335659","0"
"GSM335660","3"
"GSM335661","1"
"GSM335662","0"
"GSM335663","0"
"GSM335664","3"
"GSM588828","1"
"GSM588829","1"
"GSM588830","1"
"GSM588831","2"
"GSM588832","2"
"GSM588833","2"
"GSM588835","1"
"GSM588837","1"
"GSM588838","1"
"GSM588839","1"
"GSM588840","1"
"GSM588843","1"
"GSM588845","1"
"GSM588846","3"
"GSM588847","3"
"GSM588848","3"
"GSM588849","1"
"GSM588850","1"
"GSM588851","0"
"GSM588853","1"
"GSM588855","3"
"GSM588857","1"
"GSM588860","1"
"GSM588862","1"
"GSM437093","1"
"GSM437094","2"
"GSM437095","1"
"GSM437096","2"
"GSM437099","2"
"GSM437100","1"
"GSM437101","1"
"GSM437102","3"
"GSM437103","1"
"GSM437104","2"
"GSM437105","2"
"GSM437106","1"
"GSM437107","2"
"GSM437108","2"
"GSM437110","2"
"GSM437111","3"
"GSM437112","1"
"GSM437113","1"
"GSM437114","1"
"GSM437115","1"
"GSM437117","1"
"GSM437118","0"
"GSM437119","3"
"GSM437120","1"
"GSM437122","1"
"GSM437123","1"
"GSM437124","3"
"GSM437125","0"
"GSM437126","0"
"GSM437128","2"
"GSM437129","1"
"GSM437130","0"
"GSM437131","1"
"GSM437132","1"
"GSM437133","0"
"GSM437134","3"
"GSM437135","3"
"GSM437136","1"
"GSM437137","1"
"GSM437138","0"
"GSM437139","1"
"GSM437140","1"
"GSM437141","1"
"GSM437143","0"
"GSM437144","3"
"GSM437145","0"
"GSM437146","2"
"GSM437147","0"
"GSM437148","0"
"GSM437149","0"
"GSM437150","2"
"GSM437151","1"
"GSM437152","3"
"GSM437153","1"
"GSM437155","3"
"GSM437156","0"
"GSM437157","3"
"GSM437158","2"
"GSM437159","1"
"GSM437160","2"
"GSM437161","3"
"GSM437162","1"
"GSM437163","3"
"GSM437164","1"
"GSM437165","1"
"GSM437166","3"
"GSM437167","0"
"GSM437168","1"
"GSM437169","1"
"GSM437170","1"
"GSM437171","0"
"GSM437172","1"
"GSM437173","3"
"GSM437174","0"
"GSM437175","3"
"GSM437176","0"
"GSM437177","1"
"GSM437178","0"
"GSM437179","1"
"GSM437181","3"
"GSM437182","3"
"GSM437183","1"
"GSM437184","0"
"GSM437185","1"
"GSM437186","2"
"GSM437188","1"
"GSM437189","3"
"GSM437190","3"
"GSM437191","1"
"GSM437192","1"
"GSM437193","2"
"GSM437194","1"
"GSM437196","0"
"GSM437197","0"
"GSM437198","3"
"GSM437199","3"
"GSM437200","3"
"GSM437201","3"
"GSM437202","0"
"GSM437203","0"
"GSM437204","3"
"GSM437205","3"
"GSM437206","1"
"GSM437208","1"
"GSM437209","0"
"GSM437210","0"
"GSM437211","0"
"GSM437212","0"
"GSM437213","1"
"GSM437214","1"
"GSM437216","1"
"GSM437217","1"
"GSM437219","1"
"GSM437220","0"
"GSM437221","1"
"GSM437222","3"
"GSM437223","0"
"GSM437224","0"
"GSM437225","0"
"GSM437226","3"
"GSM437228","1"
"GSM437229","3"
"GSM437230","1"
"GSM437231","1"
"GSM437232","2"
"GSM437233","3"
"GSM437234","3"
"GSM437235","3"
"GSM437237","1"
"GSM437239","3"
"GSM437240","1"
"GSM437241","1"
"GSM437243","3"
"GSM437244","1"
"GSM437245","3"
"GSM437246","1"
"GSM437247","1"
"GSM437248","1"
"GSM437249","1"
"GSM437250","3"
"GSM437251","3"
"GSM437252","1"
"GSM437253","2"
"GSM437255","2"
"GSM437257","3"
"GSM437258","2"
"GSM437259","1"
"GSM437261","1"
"GSM437262","3"
"GSM437263","3"
"GSM437264","1"
"GSM437265","3"
"GSM437266","2"
"GSM437267","0"
"GSM437268","1"
"GSM437269","1"
"GSM358342","3"
"GSM358343","1"
"GSM358344","1"
"GSM358354","2"
"GSM358355","2"
"GSM358357","2"
"GSM358359","3"
"GSM358362","2"
"GSM358363","1"
"GSM358364","3"
"GSM358369","2"
"GSM358371","1"
"GSM358372","1"
"GSM358373","1"
"GSM358374","2"
"GSM358375","1"
"GSM358376","0"
"GSM358377","0"
"GSM358378","1"
"GSM358379","1"
"GSM358380","1"
"GSM358381","2"
"GSM358382","1"
"GSM358384","3"
"GSM358386","3"
"GSM358389","3"
"GSM358390","1"
"GSM358394","3"
"GSM358395","0"
"GSM358399","0"
"GSM358402","1"
"GSM358403","1"
"GSM358407","1"
"GSM358409","3"
"GSM358413","3"
"GSM358416","3"
"GSM358422","0"
"GSM358428","2"
"GSM358439","1"
"GSM358442","0"
"GSM358443","1"
"GSM358444","1"
"GSM358445","2"
"GSM358447","0"
"GSM358448","1"
"GSM358449","1"
"GSM358451","2"
"GSM358452","2"
"GSM358454","0"
"GSM358455","2"
"GSM358456","1"
"GSM358457","0"
"GSM358458","0"
"GSM358459","2"
"GSM358460","1"
"GSM358461","1"
"GSM358462","3"
"GSM358463","0"
"GSM358464","2"
"GSM358465","1"
"GSM358466","1"
"GSM358467","3"
"GSM358469","2"
"GSM358471","1"
"GSM358472","3"
"GSM358473","2"
"GSM358474","1"
"GSM358475","3"
"GSM358476","1"
"GSM358477","0"
"GSM358478","3"
"GSM358480","0"
"GSM358486","2"
"GSM358490","1"
"GSM358492","3"
"GSM358502","0"
"GSM358512","0"
"GSM358513","3"
"GSM358514","3"
"GSM358526","3"
"GSM358527","0"
"GSM358530","3"
"GSM358532","3"
"GSM358533","1"
"GSM358535","3"
"GSM358540","1"
"GSM358541","3"
"GSM358542","1"
"GSM358543","2"
"GSM358544","1"
"GSM358545","2"
"GSM358547","1"
"GSM358548","0"
"GSM358549","1"
"GSM358550","1"
"GSM358551","0"
"GSM358552","1"
"GSM358553","3"
"GSM358554","0"
"GSM358556","1"
"GSM358557","1"
"GSM358559","0"
"GSM358560","1"
"GSM358561","1"
"GSM358562","1"
"GSM358564","2"
"GSM358565","1"
"GSM358566","1"
"GSM358567","3"
"GSM358570","3"
"GSM358573","3"
"GSM358575","3"
"GSM358582","3"
"GSM358591","3"
"GSM358599","2"
"GSM358600","1"
"GSM358608","0"
"GSM358611","3"
"GSM358612","1"
"GSM358613","1"
"GSM358615","1"
"GSM358616","1"
"GSM358617","1"
"GSM358618","1"
"GSM358619","1"
"GSM358620","2"
"GSM358621","3"
"GSM358622","2"
"GSM358623","1"
"GSM358624","1"
"GSM358625","3"
"GSM358627","0"
"GSM358628","3"
"GSM358629","1"
"GSM358630","3"
